{
  "timestamp": "20240430_1350",
  "data": {
    "lookback": 336,
    "weeks": 0.5,
    "days": 0,
    "periods": 0
  },
  "RMSE": {
    "train": 32.50339784867963,
    "test": 39.803571351315625
  }
}