{
  "timestamp": "20240326_1239",
  "data": {
    "lookback": 336,
    "weeks": 1,
    "days": 0,
    "periods": 0
  },
  "RMSE": {
    "train": 31.822947269586802,
    "test": 47.87561110305124
  }
}